UNITID,OPEID6,INSTNM,CONTROL,MAIN,CIPCODE,CIPDESC,CREDLEV,CREDDESC,IPEDSCOUNT1,IPEDSCOUNT2,DEBT_ALL_STGP_ANY_N,DEBT_ALL_STGP_ANY_MEAN,DEBT_ALL_STGP_ANY_MDN,DEBT_ALL_STGP_EVAL_N,DEBT_ALL_STGP_EVAL_MEAN,DEBT_ALL_STGP_EVAL_MDN,DEBT_ALL_PP_ANY_N,DEBT_ALL_PP_ANY_MEAN,DEBT_ALL_PP_ANY_MDN,DEBT_ALL_PP_EVAL_N,DEBT_ALL_PP_EVAL_MEAN,DEBT_ALL_PP_EVAL_MDN,DEBT_MALE_STGP_ANY_N,DEBT_MALE_STGP_ANY_MEAN,DEBT_MALE_STGP_ANY_MDN,DEBT_MALE_STGP_EVAL_N,DEBT_MALE_STGP_EVAL_MEAN,DEBT_MALE_STGP_EVAL_MDN,DEBT_MALE_PP_ANY_N,DEBT_MALE_PP_ANY_MEAN,DEBT_MALE_PP_ANY_MDN,DEBT_MALE_PP_EVAL_N,DEBT_MALE_PP_EVAL_MEAN,DEBT_MALE_PP_EVAL_MDN,DEBT_NOTMALE_STGP_ANY_N,DEBT_NOTMALE_STGP_ANY_MEAN,DEBT_NOTMALE_STGP_ANY_MDN,DEBT_NOTMALE_STGP_EVAL_N,DEBT_NOTMALE_STGP_EVAL_MEAN,DEBT_NOTMALE_STGP_EVAL_MDN,DEBT_NOTMALE_PP_ANY_N,DEBT_NOTMALE_PP_ANY_MEAN,DEBT_NOTMALE_PP_ANY_MDN,DEBT_NOTMALE_PP_EVAL_N,DEBT_NOTMALE_PP_EVAL_MEAN,DEBT_NOTMALE_PP_EVAL_MDN,DEBT_PELL_STGP_ANY_N,DEBT_PELL_STGP_ANY_MEAN,DEBT_PELL_STGP_ANY_MDN,DEBT_PELL_STGP_EVAL_N,DEBT_PELL_STGP_EVAL_MEAN,DEBT_PELL_STGP_EVAL_MDN,DEBT_PELL_PP_ANY_N,DEBT_PELL_PP_ANY_MEAN,DEBT_PELL_PP_ANY_MDN,DEBT_PELL_PP_EVAL_N,DEBT_PELL_PP_EVAL_MEAN,DEBT_PELL_PP_EVAL_MDN,DEBT_NOPELL_STGP_ANY_N,DEBT_NOPELL_STGP_ANY_MEAN,DEBT_NOPELL_STGP_ANY_MDN,DEBT_NOPELL_STGP_EVAL_N,DEBT_NOPELL_STGP_EVAL_MEAN,DEBT_NOPELL_STGP_EVAL_MDN,DEBT_NOPELL_PP_ANY_N,DEBT_NOPELL_PP_ANY_MEAN,DEBT_NOPELL_PP_ANY_MDN,DEBT_NOPELL_PP_EVAL_N,DEBT_NOPELL_PP_EVAL_MEAN,DEBT_NOPELL_PP_EVAL_MDN,DEBT_ALL_PP_ANY_MDN10YRPAY,DEBT_ALL_PP_EVAL_MDN10YRPAY,DEBT_ALL_STGP_ANY_MDN10YRPAY,DEBT_ALL_STGP_EVAL_MDN10YRPAY,EARN_COUNT_NWNE_HI_1YR,EARN_CNTOVER150_HI_1YR,EARN_COUNT_WNE_HI_1YR,EARN_MDN_HI_1YR,EARN_COUNT_NWNE_HI_2YR,EARN_CNTOVER150_HI_2YR,EARN_COUNT_WNE_HI_2YR,EARN_MDN_HI_2YR,BBRR2_FED_COMP_N,BBRR2_FED_COMP_DFLT,BBRR2_FED_COMP_DLNQ,BBRR2_FED_COMP_FBR,BBRR2_FED_COMP_DFR,BBRR2_FED_COMP_NOPROG,BBRR2_FED_COMP_MAKEPROG,BBRR2_FED_COMP_PAIDINFULL,BBRR2_FED_COMP_DISCHARGE,BBRR3_FED_COMP_N,BBRR3_FED_COMP_DFLT,BBRR3_FED_COMP_DLNQ,BBRR3_FED_COMP_FBR,BBRR3_FED_COMP_DFR,BBRR3_FED_COMP_NOPROG,BBRR3_FED_COMP_MAKEPROG,BBRR3_FED_COMP_PAIDINFULL,BBRR3_FED_COMP_DISCHARGE,EARN_COUNT_PELL_WNE_1YR,EARN_PELL_WNE_MDN_1YR,EARN_COUNT_NOPELL_WNE_1YR,EARN_NOPELL_WNE_MDN_1YR,EARN_COUNT_MALE_WNE_1YR,EARN_MALE_WNE_MDN_1YR,EARN_COUNT_NOMALE_WNE_1YR,EARN_NOMALE_WNE_MDN_1YR,EARN_COUNT_NE_3YR,EARN_NE_MDN_3YR,EARN_COUNT_WNE_3YR,EARN_CNTOVER150_3YR,EARN_COUNT_PELL_NE_3YR,EARN_PELL_NE_MDN_3YR,EARN_COUNT_NOPELL_NE_3YR,EARN_NOPELL_NE_MDN_3YR,EARN_COUNT_MALE_NE_3YR,EARN_MALE_NE_MDN_3YR,EARN_COUNT_NOMALE_NE_3YR,EARN_NOMALE_NE_MDN_3YR,EARN_COUNT_NWNE_1YR,EARN_COUNT_WNE_1YR,EARN_MDN_1YR,EARN_GT_THRESHOLD_1YR,EARN_COUNT_HIGH_CRED_1YR,EARN_IN_STATE_1YR,EARN_COUNT_NWNE_4YR,EARN_COUNT_WNE_4YR,EARN_MDN_4YR,EARN_GT_THRESHOLD_4YR,EARN_COUNT_PELL_WNE_4YR,EARN_PELL_WNE_MDN_4YR,EARN_COUNT_NOPELL_WNE_4YR,EARN_NOPELL_WNE_MDN_4YR,EARN_COUNT_MALE_WNE_4YR,EARN_MALE_WNE_MDN_4YR,EARN_COUNT_NOMALE_WNE_4YR,EARN_NOMALE_WNE_MDN_4YR,EARN_COUNT_HIGH_CRED_4YR,EARN_IN_STATE_4YR,BBRR1_FED_COMP_N,BBRR1_FED_COMP_DFLT,BBRR1_FED_COMP_DLNQ,BBRR1_FED_COMP_FBR,BBRR1_FED_COMP_DFR,BBRR1_FED_COMP_NOPROG,BBRR1_FED_COMP_MAKEPROG,BBRR1_FED_COMP_PAIDINFULL,BBRR1_FED_COMP_DISCHARGE,BBRR4_FED_COMP_N,BBRR4_FED_COMP_DFLT,BBRR4_FED_COMP_DLNQ,BBRR4_FED_COMP_FBR,BBRR4_FED_COMP_DFR,BBRR4_FED_COMP_NOPROG,BBRR4_FED_COMP_MAKEPROG,BBRR4_FED_COMP_PAIDINFULL,BBRR4_FED_COMP_DISCHARGE,DISTANCE,EARN_COUNT_NWNE_5YR,EARN_COUNT_WNE_5YR,EARN_MDN_5YR,EARN_GT_THRESHOLD_5YR,EARN_COUNT_PELL_WNE_5YR,EARN_PELL_WNE_MDN_5YR,EARN_COUNT_NOPELL_WNE_5YR,EARN_NOPELL_WNE_MDN_5YR,EARN_COUNT_MALE_WNE_5YR,EARN_MALE_WNE_MDN_5YR,EARN_COUNT_NOMALE_WNE_5YR,EARN_NOMALE_WNE_MDN_5YR,EARN_COUNT_HIGH_CRED_5YR,EARN_IN_STATE_5YR,EARN_AVG_1YR_5YR
110662,001315,University of California-Los Angeles,Public,1,0301,Natural Resources Conservation and Research.,3,Bachelor's Degree,77,104,67,16149,18000,66,16132,17806,24,PS,39463,24,PS,39463,17,PS,PS,17,PS,PS,PS,PS,NA,PS,PS,PS,50,15834,PS,49,15988,PS,PS,PS,NA,PS,PS,PS,39,PS,15000,39,PS,15000,PS,PS,PS,PS,PS,PS,28,19191,19500,27,19597,19500,PS,PS,PS,PS,PS,PS,469,469,191,189,2,46,52,36898,1,42,47,41565,56,<=0.20,<=0.20,<=0.20,<=0.20,<=0.20,0.20 - 0.39,0.40 - 0.59,<=0.20,55,<=0.20,<=0.20,<=0.20,<=0.20,<=0.20,0.20 - 0.39,0.20 - 0.39,<=0.20,38,24029,26,36734,16,30346,49,31520,41,53583,36,31,26,55209,PS,PS,PS,PS,33,55144,2,65,31944,35,PS,59,1,39,69142,PS,28,69069,PS,PS,PS,PS,31,73048,PS,36,50,PS,PS,0.40 - 0.59,PS,PS,0.20 - 0.39,PS,PS,55,<=0.20,<=0.20,<=0.20,<=0.20,<=0.20,0.20 - 0.39,0.40 - 0.59,<=0.20,1,1,48,80496,47,31,80860,16,79284,PS,PS,PS,PS,PS,44,56220
110662,001315,University of California-Los Angeles,Public,1,0501,Area Studies.,3,Bachelor's Degree,100,92,45,17958,17746,42,17586,17090,13,50353,NA,12,46774,PS,14,16488,PS,13,15276,PS,PS,PS,NA,PS,PS,PS,31,18622,PS,29,18622,PS,PS,PS,NA,PS,PS,PS,34,18368,PS,32,17914,PS,PS,PS,PS,PS,PS,PS,11,16691,PS,10,16536,PS,PS,PS,PS,PS,PS,PS,PS,PS,188,181,13,23,44,22438,5,28,36,33993,51,<=0.20,<=0.20,<=0.20,<=0.20,<=0.20,0.20 - 0.39,0.20 - 0.39,<=0.20,47,PS,PS,PS,PS,PS,0.20 - 0.39,0.20 - 0.39,PS,PS,PS,PS,PS,PS,PS,PS,PS,43,46048,32,28,33,43630,PS,PS,PS,PS,34,49325,8,31,23819,PS,PS,25,8,43,55626,PS,34,50527,PS,PS,PS,PS,35,62065,PS,33,36,PS,PS,0.40 - 0.59,PS,PS,PS,PS,PS,47,PS,PS,0.20 - 0.39,PS,PS,PS,0.20 - 0.39,PS,1,5,48,60726,39,PS,PS,PS,PS,PS,PS,PS,PS,PS,36,42272.5
110662,001315,University of California-Los Angeles,Public,1,0502,"Ethnic, Cultural Minority, Gender, and Group Studies.",3,Bachelor's Degree,343,337,260,15722,15000,257,14693,14820,46,21407,7645,43,21213,7636,67,16322,15447,65,15901,15900,10,16191,NA,PS,PS,PS,193,15514,15000,192,14284,14690,36,22856,NA,PS,PS,PS,229,15657,14967,227,14501,14620,31,11488,PS,30,11807,PS,31,16208,15000,30,16143,15000,15,41906,PS,13,42921,PS,91,91,159,157,13,135,210,26296,8,119,173,28682,233,<=0.05,<=0.05,0.15 - 0.19,0.20 - 0.24,0.15 - 0.19,0.20 - 0.24,0.15 - 0.19,<=0.05,241,<=0.05,<=0.05,0.15 - 0.19,0.25 - 0.29,0.10 - 0.14,0.25 - 0.29,0.10 - 0.14,<=0.05,PS,PS,PS,PS,54,25715,172,30641,159,40016,133,109,142,40016,17,37349,36,45653,123,39444,26,228,29914,114,PS,216,11,162,51490,117,144,51254,19,51310,38,54709,125,49039,34,149,198,<=0.10,<=0.10,0.50 - 0.59,0.10 - 0.19,0.10 - 0.19,0.10 - 0.19,<=0.10,<=0.10,242,<=0.05,<=0.05,0.40 - 0.44,0.15 - 0.19,0.05 - 0.09,0.10 - 0.14,0.15 - 0.19,<=0.05,1,15,184,61195,147,165,60653,20,70818,41,71421,143,59393,58,168,45554.5
110662,001315,University of California-Los Angeles,Public,1,1101,"Computer and Information Sciences, General.",3,Bachelor's Degree,NA,NA,PS,16058,15248,PS,15762,15156,PS,PS,43439,PS,PS,42366,PS,16035,15066,PS,15782,14993,PS,PS,NA,PS,PS,PS,PS,PS,17944,PS,PS,17194,PS,PS,NA,PS,PS,PS,PS,PS,14920,PS,PS,14920,PS,PS,PS,PS,PS,PS,PS,16095,17194,PS,15842,16333,PS,PS,PS,PS,PS,PS,517,504,162,161,5,112,117,117100,4,96,100,110878,83,<=0.20,<=0.20,<=0.20,<=0.20,<=0.20,0.40 - 0.59,0.40 - 0.59,<=0.20,82,<=0.20,<=0.20,<=0.20,<=0.20,<=0.20,0.20 - 0.39,0.60 - 0.79,<=0.20,82,126524,61,152051,121,138491,23,124240,109,147842,97,96,66,146604,43,146340,87,158624,22,137690,2,144,136099,130,PS,100,2,108,164612,PS,64,164250,43,165982,85,168154,22,150544,PS,80,103,<=0.10,<=0.10,0.30 - 0.39,<=0.10,<=0.10,0.10 - 0.19,0.30 - 0.39,<=0.10,82,<=0.20,<=0.20,0.20 - 0.39,<=0.20,<=0.20,<=0.20,0.60 - 0.79,<=0.20,0,7,102,218770,102,59,240104,44,204856,83,234947,20,184253,PS,75,177434.5
110662,001315,University of California-Los Angeles,Public,1,1402,"Aerospace, Aeronautical and Astronautical Engineering.",3,Bachelor's Degree,56,58,41,PS,19000,41,PS,19000,13,PS,NA,13,PS,PS,PS,PS,PS,PS,PS,PS,PS,PS,NA,PS,PS,PS,PS,PS,PS,PS,PS,PS,PS,PS,NA,PS,PS,PS,27,PS,PS,27,PS,PS,PS,PS,PS,PS,PS,PS,14,PS,PS,14,PS,PS,PS,PS,PS,PS,PS,PS,PS,PS,201,201,2,28,31,66724,0,17,19,60072,27,PS,PS,PS,PS,PS,0.40 - 0.59,PS,PS,19,PS,PS,PS,PS,PS,PS,PS,PS,PS,PS,PS,PS,PS,PS,PS,PS,21,72694,17,19,PS,PS,PS,PS,19,69561,PS,PS,3,28,71068,25,PS,22,0,24,93464,PS,PS,PS,PS,PS,19,90934,PS,PS,PS,18,37,PS,PS,0.20 - 0.39,PS,PS,PS,PS,PS,19,PS,PS,PS,PS,PS,PS,PS,PS,1,1,19,97069,17,PS,PS,PS,PS,PS,PS,PS,PS,PS,PS,84068.5
110662,001315,University of California-Los Angeles,Public,1,1405,Biomedical/Medical Engineering.,3,Bachelor's Degree,66,82,35,PS,15000,35,PS,14500,10,PS,NA,10,PS,PS,25,PS,PS,25,PS,PS,PS,PS,NA,PS,PS,PS,10,PS,PS,10,PS,PS,PS,PS,NA,PS,PS,PS,12,PS,PS,12,PS,PS,PS,PS,PS,PS,PS,PS,23,PS,PS,23,PS,PS,PS,PS,PS,PS,PS,PS,PS,PS,159,154,4,PS,PS,PS,2,26,27,61020,31,PS,PS,PS,PS,PS,PS,0.20 - 0.39,PS,26,PS,PS,PS,PS,PS,PS,0.40 - 0.59,PS,PS,PS,PS,PS,PS,PS,PS,PS,35,72328,24,22,17,72408,PS,PS,19,64330,PS,PS,1,31,57874,24,PS,27,1,33,97038,PS,PS,PS,18,102568,17,93789,PS,PS,PS,28,22,PS,PS,PS,PS,PS,PS,PS,PS,26,PS,PS,PS,PS,PS,PS,0.40 - 0.59,PS,1,1,33,114571,33,PS,PS,PS,PS,PS,PS,PS,PS,PS,27,86222.5
110662,001315,University of California-Los Angeles,Public,1,1407,Chemical Engineering.,3,Bachelor's Degree,74,83,56,PS,18205,56,PS,17000,15,PS,NA,15,PS,PS,38,PS,PS,38,PS,PS,PS,PS,NA,PS,PS,PS,18,PS,PS,18,PS,PS,PS,PS,NA,PS,PS,PS,32,PS,16500,32,PS,16424,PS,PS,PS,PS,PS,PS,24,PS,21727,24,PS,21727,PS,PS,PS,PS,PS,PS,PS,PS,193,180,4,44,52,56206,2,47,53,63005,56,<=0.20,<=0.20,<=0.20,<=0.20,<=0.20,0.40 - 0.59,0.40 - 0.59,<=0.20,53,<=0.20,<=0.20,<=0.20,<=0.20,<=0.20,0.20 - 0.39,0.60 - 0.79,<=0.20,39,73279,24,79185,40,76504,23,75979,60,79621,53,51,29,80622,31,77631,42,79426,18,79248,4,63,76680,56,PS,51,2,52,92741,PS,24,95601,29,90859,36,91216,16,92496,PS,42,42,PS,PS,0.40 - 0.59,PS,PS,PS,0.20 - 0.39,PS,53,<=0.20,<=0.20,0.20 - 0.39,<=0.20,<=0.20,<=0.20,0.60 - 0.79,<=0.20,1,1,51,105166,49,24,111494,27,100825,35,99965,16,118992,PS,46,90923
110662,001315,University of California-Los Angeles,Public,1,1408,Civil Engineering.,3,Bachelor's Degree,87,70,44,PS,19444,44,PS,17529,10,PS,NA,10,PS,PS,28,PS,PS,28,PS,PS,PS,PS,NA,PS,PS,PS,16,PS,PS,16,PS,PS,PS,PS,NA,PS,PS,PS,22,PS,20635,22,PS,19689,PS,PS,PS,PS,PS,PS,22,PS,14750,22,PS,14750,PS,PS,PS,PS,PS,PS,PS,PS,206,186,1,37,44,62929,1,42,44,68592,50,PS,PS,PS,PS,PS,0.20 - 0.39,0.40 - 0.59,PS,43,PS,PS,PS,PS,PS,0.20 - 0.39,0.40 - 0.59,PS,PS,PS,PS,PS,PS,PS,PS,PS,54,79279,39,41,37,75253,17,80372,35,76061,19,80817,2,44,75510,40,PS,45,3,56,90288,PS,39,89864,16,89442,36,90761,20,87698,PS,45,40,PS,PS,0.20 - 0.39,PS,PS,0.20 - 0.39,PS,PS,43,PS,PS,PS,PS,PS,PS,0.40 - 0.59,PS,1,3,53,102084,52,PS,PS,PS,PS,34,101809,20,102462,PS,43,88797
110662,001315,University of California-Los Angeles,Public,1,1410,"Electrical, Electronics and Communications Engineering.",3,Bachelor's Degree,157,144,86,PS,17877,86,PS,16979,10,PS,NA,10,PS,PS,75,PS,PS,75,PS,PS,PS,PS,NA,PS,PS,PS,11,PS,PS,11,PS,PS,PS,PS,NA,PS,PS,PS,55,PS,18541,55,PS,17338,PS,PS,PS,PS,PS,PS,31,PS,16450,31,PS,16450,PS,PS,PS,PS,PS,PS,PS,PS,190,180,1,59,66,78867,7,70,74,83915,55,<=0.20,<=0.20,<=0.20,<=0.20,<=0.20,0.20 - 0.39,0.40 - 0.59,<=0.20,63,<=0.20,<=0.20,<=0.20,<=0.20,<=0.20,0.40 - 0.59,0.40 - 0.59,<=0.20,64,83289,26,90793,PS,PS,PS,PS,81,87275,70,68,61,87970,20,88091,63,88578,17,85110,10,90,85369,76,PS,77,5,76,110760,PS,56,111297,20,109810,56,116431,20,101350,PS,73,73,<=0.20,<=0.20,0.40 - 0.59,<=0.20,<=0.20,<=0.20,0.20 - 0.39,<=0.20,63,<=0.20,<=0.20,<=0.20,<=0.20,<=0.20,0.20 - 0.39,0.40 - 0.59,<=0.20,1,3,80,127528,75,60,141039,20,123007,60,130904,20,121688,PS,76,106448.5
110662,001315,University of California-Los Angeles,Public,1,1419,Mechanical Engineering.,3,Bachelor's Degree,138,154,73,PS,17000,73,PS,16500,20,PS,29342,20,PS,29342,55,PS,PS,55,PS,PS,PS,PS,NA,PS,PS,PS,18,PS,PS,18,PS,PS,PS,PS,NA,PS,PS,PS,40,PS,18183,40,PS,18083,10,PS,PS,10,PS,PS,33,PS,15000,33,PS,15000,10,PS,PS,10,PS,PS,349,349,180,175,7,72,77,68857,2,59,63,67324,65,<=0.20,<=0.20,<=0.20,<=0.20,<=0.20,0.20 - 0.39,0.20 - 0.39,<=0.20,56,<=0.20,<=0.20,<=0.20,<=0.20,<=0.20,0.20 - 0.39,0.60 - 0.79,<=0.20,56,71064,29,90935,64,81866,19,70552,62,82663,50,52,34,76021,27,85698,47,77568,PS,PS,5,85,79016,78,PS,76,4,62,97701,PS,35,93757,28,99013,49,93871,PS,PS,PS,52,74,<=0.20,<=0.20,0.40 - 0.59,<=0.20,<=0.20,0.20 - 0.39,0.20 - 0.39,<=0.20,56,<=0.20,<=0.20,<=0.20,<=0.20,<=0.20,<=0.20,0.60 - 0.79,<=0.20,1,5,65,108947,61,34,107291,31,116183,PS,PS,PS,PS,16,55,93981.5
110662,001315,University of California-Los Angeles,Public,1,1601,"Linguistic, Comparative, and Related Language Studies and Services.",3,Bachelor's Degree,153,122,79,17061,15000,78,16367,15000,20,PS,14858,20,PS,14858,29,PS,17057,29,PS,17057,PS,PS,NA,PS,PS,PS,50,16863,14960,49,16479,15000,PS,PS,NA,PS,PS,PS,56,17825,16778,55,16973,16500,PS,PS,PS,PS,PS,PS,23,PS,14000,23,PS,14000,PS,PS,PS,PS,PS,PS,177,177,159,159,15,90,119,34901,10,72,103,27874,135,<=0.10,<=0.10,0.10 - 0.19,0.10 - 0.19,<=0.10,0.30 - 0.39,0.20 - 0.29,<=0.10,117,<=0.10,<=0.10,0.10 - 0.19,0.10 - 0.19,<=0.10,0.30 - 0.39,0.30 - 0.39,<=0.10,62,28039,PS,PS,29,24088,51,33366,104,41208,88,68,82,39629,22,57841,31,49721,73,40020,12,79,30524,40,PS,71,10,100,55469,68,78,45996,22,71741,33,55536,66,54550,PS,90,108,<=0.10,<=0.10,0.40 - 0.49,0.10 - 0.19,<=0.10,0.10 - 0.19,0.10 - 0.19,<=0.10,117,<=0.10,<=0.10,0.30 - 0.39,<=0.10,<=0.10,0.10 - 0.19,0.30 - 0.39,<=0.10,1,14,95,72162,76,69,65657,27,83564,28,79048,66,69086,22,83,51343
110662,001315,University of California-Los Angeles,Public,1,1603,"East Asian Languages, Literatures, and Linguistics.",3,Bachelor's Degree,48,36,33,15402,13900,31,14047,13900,PS,PS,NA,PS,PS,PS,PS,PS,PS,PS,PS,PS,PS,PS,NA,PS,PS,PS,PS,PS,PS,PS,PS,PS,PS,PS,NA,PS,PS,PS,PS,PS,PS,PS,PS,PS,PS,PS,PS,PS,PS,PS,PS,PS,PS,PS,PS,PS,PS,PS,PS,PS,PS,PS,PS,PS,147,147,9,20,34,26836,5,22,26,33993,31,PS,PS,PS,PS,PS,0.20 - 0.39,PS,PS,27,PS,PS,PS,PS,PS,PS,0.40 - 0.59,PS,PS,PS,PS,PS,PS,PS,PS,PS,29,37711,24,21,26,37804,PS,PS,PS,PS,22,36793,9,36,23980,PS,PS,36,5,24,42261,PS,22,41321,PS,PS,PS,PS,19,44823,PS,23,32,PS,PS,0.60 - 0.79,PS,PS,PS,PS,PS,27,PS,PS,PS,PS,PS,PS,0.40 - 0.59,PS,1,9,23,56910,20,PS,PS,PS,PS,PS,PS,PS,PS,PS,23,40445
110662,001315,University of California-Los Angeles,Public,1,1609,"Romance Languages, Literatures, and Linguistics.",3,Bachelor's Degree,87,85,65,15429,14752,62,14919,14000,11,PS,NA,11,PS,PS,26,17979,17413,25,16435,16768,PS,PS,NA,PS,PS,PS,39,13730,11328,37,13895,12900,PS,PS,NA,PS,PS,PS,54,15224,PS,51,14685,PS,PS,PS,PS,PS,PS,PS,11,PS,PS,11,PS,PS,PS,PS,PS,PS,PS,PS,PS,PS,156,148,7,42,62,33059,10,44,66,27618,87,<=0.20,<=0.20,<=0.20,0.20 - 0.39,<=0.20,0.20 - 0.39,<=0.20,<=0.20,89,<=0.20,<=0.20,<=0.20,<=0.20,<=0.20,0.20 - 0.39,<=0.20,<=0.20,PS,PS,PS,PS,PS,PS,PS,PS,72,41047,56,42,58,38080,PS,PS,PS,PS,62,37994,12,40,26966,18,PS,37,7,69,55337,PS,55,54236,PS,PS,PS,PS,58,55469,PS,60,49,PS,PS,0.20 - 0.39,PS,PS,PS,PS,PS,89,<=0.20,<=0.20,0.20 - 0.39,<=0.20,<=0.20,<=0.20,0.20 - 0.39,<=0.20,1,7,78,60038,64,59,59034,20,65968,20,65479,61,59138,20,69,43502
110662,001315,University of California-Los Angeles,Public,1,2301,"English Language and Literature, General.",3,Bachelor's Degree,341,300,277,14771,14376,271,13939,13534,78,27370,15594,73,28058,16703,79,16181,15000,76,15468,14999,22,23244,8307,20,24998,13654,198,14208,14007,195,13343,13000,56,28990,16853,53,29213,16703,192,15331,14347,188,14325,13727,37,18459,6989,36,17902,6820,85,13507,14749,83,13065,13191,41,35411,26521,37,37940,31695,185,199,152,143,34,158,250,27063,33,168,243,29503,305,<=0.05,<=0.05,0.10 - 0.14,0.10 - 0.14,0.10 - 0.14,0.40 - 0.44,0.15 - 0.19,<=0.05,276,<=0.05,<=0.05,0.10 - 0.14,0.15 - 0.19,0.10 - 0.14,0.40 - 0.44,0.15 - 0.19,<=0.05,191,25674,78,32564,73,29109,195,26774,253,39785,221,184,182,38341,71,43557,79,31797,173,42887,33,268,27889,124,PS,249,22,233,52432,170,167,50590,66,54582,71,44078,163,53983,35,206,260,<=0.05,<=0.05,0.45 - 0.49,0.10 - 0.14,0.10 - 0.14,0.15 - 0.19,0.05 - 0.09,<=0.05,276,<=0.05,<=0.05,0.40 - 0.44,0.10 - 0.14,<=0.05,0.10 - 0.14,0.20 - 0.24,<=0.05,1,23,243,59794,197,171,58797,73,60496,68,43738,174,63087,55,216,43841.5
110662,001315,University of California-Los Angeles,Public,1,2314,Literature.,3,Bachelor's Degree,35,36,32,15174,13093,30,12920,13328,PS,PS,NA,PS,PS,PS,13,PS,PS,13,PS,PS,PS,PS,NA,PS,PS,PS,19,12719,PS,17,11504,PS,PS,PS,NA,PS,PS,PS,PS,PS,PS,PS,PS,PS,PS,PS,PS,PS,PS,PS,PS,PS,PS,PS,PS,PS,PS,PS,PS,PS,PS,PS,PS,PS,139,141,1,PS,PS,PS,0,13,20,25194,22,PS,PS,PS,PS,PS,0.40 - 0.59,PS,PS,29,PS,PS,PS,PS,PS,PS,PS,PS,PS,PS,PS,PS,PS,PS,PS,PS,22,35429,20,PS,18,33486,PS,PS,PS,PS,PS,PS,5,26,22704,PS,PS,24,PS,PS,NA,PS,PS,PS,PS,PS,PS,PS,PS,PS,PS,PS,19,PS,PS,PS,PS,PS,PS,PS,PS,29,PS,PS,0.40 - 0.59,PS,PS,PS,PS,PS,1,1,22,36428,PS,PS,PS,PS,PS,PS,PS,PS,PS,PS,19,29566
110662,001315,University of California-Los Angeles,Public,1,2601,"Biology, General.",3,Bachelor's Degree,562,523,451,16390,16028,449,16249,15527,123,41913,27177,122,41812,27284,164,PS,16594,164,PS,16070,53,PS,37558,53,PS,37558,287,16221,16000,285,16108,15169,70,42543,26045,69,43029,27104,282,PS,14526,282,PS,14500,42,PS,8793,42,PS,8793,169,17962,19500,167,17935,19500,81,52436,52311,80,52415,52113,323,324,170,165,46,200,312,24167,28,100,158,25484,374,<=0.05,<=0.05,0.10 - 0.14,0.25 - 0.29,0.05 - 0.09,0.25 - 0.29,0.20 - 0.24,<=0.05,335,<=0.05,<=0.05,0.05 - 0.09,0.25 - 0.29,0.05 - 0.09,0.20 - 0.24,0.30 - 0.34,<=0.05,245,28509,100,27869,137,26632,208,29356,153,31669,110,76,108,29751,45,48711,55,34737,97,30278,45,345,28242,163,PS,318,23,138,55250,100,94,52314,43,67184,53,62977,85,53096,36,122,362,<=0.05,<=0.05,0.40 - 0.44,0.15 - 0.19,0.05 - 0.09,0.10 - 0.14,0.20 - 0.24,<=0.05,335,<=0.05,<=0.05,0.20 - 0.24,0.25 - 0.29,<=0.05,0.10 - 0.14,0.35 - 0.39,<=0.05,1,16,183,75609,157,128,72980,56,77840,76,79247,109,70168,87,160,51925.5
110662,001315,University of California-Los Angeles,Public,1,2602,"Biochemistry, Biophysics and Molecular Biology.",3,Bachelor's Degree,240,231,163,PS,14920,163,PS,14753,43,41180,31072,42,41463,31112,84,PS,14559,84,PS,14476,17,37786,NA,16,38315,PS,79,PS,15000,79,PS,14775,26,PS,NA,26,PS,PS,100,PS,14016,100,PS,13446,13,15072,PS,12,13885,PS,63,PS,17298,63,PS,17298,30,PS,PS,30,PS,PS,369,370,158,156,17,94,142,30054,16,61,93,28598,146,<=0.10,<=0.10,<=0.10,0.20 - 0.29,<=0.10,0.30 - 0.39,0.20 - 0.29,<=0.10,142,<=0.10,<=0.10,<=0.10,0.40 - 0.49,<=0.10,0.10 - 0.19,0.30 - 0.39,<=0.10,103,36875,42,25123,76,39330,69,29746,88,41010,66,57,74,37032,PS,PS,43,40243,44,40793,15,144,35210,81,PS,131,15,64,61419,PS,53,60709,PS,PS,31,72557,34,56459,PS,58,145,<=0.10,<=0.10,0.30 - 0.39,0.10 - 0.19,<=0.10,0.10 - 0.19,0.20 - 0.29,<=0.10,142,<=0.10,<=0.10,0.10 - 0.19,0.40 - 0.49,<=0.10,<=0.10,0.30 - 0.39,<=0.10,1,6,93,76967,82,PS,PS,PS,PS,42,81433,51,74465,36,83,56088.5
110662,001315,University of California-Los Angeles,Public,1,2604,Cell/Cellular Biology and Anatomical Sciences.,3,Bachelor's Degree,263,263,173,16909,15848,171,16476,15277,58,52311,37565,57,51978,37198,70,17232,17550,68,17058,15305,18,48342,NA,17,50835,PS,103,PS,15500,103,PS,15000,40,PS,NA,40,PS,PS,93,15965,13611,91,15432,13241,16,32855,PS,15,34647,PS,80,PS,18075,80,PS,16547,42,PS,PS,42,PS,PS,447,442,168,162,12,54,87,22481,11,35,56,28753,93,<=0.20,<=0.20,<=0.20,0.20 - 0.39,<=0.20,<=0.20,0.20 - 0.39,<=0.20,83,<=0.20,<=0.20,<=0.20,0.20 - 0.39,<=0.20,<=0.20,0.20 - 0.39,<=0.20,91,32244,50,41668,60,33172,80,37776,PS,PS,PS,PS,PS,PS,PS,PS,PS,PS,PS,PS,31,140,36945,79,PS,131,6,35,55461,PS,23,60313,PS,PS,PS,PS,20,51590,PS,29,123,<=0.10,<=0.10,0.40 - 0.49,0.20 - 0.29,<=0.10,0.10 - 0.19,0.10 - 0.19,<=0.10,83,<=0.20,<=0.20,<=0.20,0.20 - 0.39,<=0.20,<=0.20,0.20 - 0.39,<=0.20,1,5,40,64799,37,PS,PS,PS,PS,17,64959,24,67203,17,28,50872
110662,001315,University of California-Los Angeles,Public,1,2605,Microbiological Sciences and Immunology.,3,Bachelor's Degree,130,139,103,14810,14000,100,15062,14545,36,PS,14665,36,PS,14665,34,13650,13568,33,14004,13972,13,PS,NA,13,PS,PS,69,15382,14948,67,15583,14975,23,PS,NA,23,PS,PS,50,13798,12153,49,13876,13165,12,PS,PS,12,PS,PS,53,15765,15000,51,16202,15000,24,PS,PS,24,PS,PS,174,174,148,154,10,55,83,27430,15,56,71,32925,101,<=0.10,<=0.10,<=0.10,0.30 - 0.39,<=0.10,0.20 - 0.29,0.20 - 0.29,<=0.10,102,<=0.10,<=0.10,<=0.10,0.20 - 0.29,<=0.10,0.20 - 0.29,0.30 - 0.39,<=0.10,51,34612,43,37924,37,28954,57,43744,66,41547,53,43,43,41508,PS,PS,31,41223,35,42834,8,94,36403,53,PS,89,7,57,49690,PS,37,47832,21,67368,30,49494,PS,PS,PS,52,89,<=0.20,<=0.20,0.40 - 0.59,<=0.20,<=0.20,<=0.20,<=0.20,<=0.20,102,<=0.10,<=0.10,0.20 - 0.29,0.20 - 0.29,<=0.10,<=0.10,0.30 - 0.39,<=0.10,1,8,70,77994,58,46,69043,23,80423,31,83254,40,70241,26,62,57198.5
110662,001315,University of California-Los Angeles,Public,1,2609,"Physiology, Pathology and Related Sciences.",3,Bachelor's Degree,202,220,135,PS,17049,135,PS,16900,43,47005,24728,42,47227,24864,49,PS,19083,49,PS,19000,15,PS,NA,15,PS,PS,86,PS,16078,86,PS,16078,28,58513,NA,27,60217,PS,67,PS,14920,67,PS,14666,14,PS,PS,14,PS,PS,68,PS,19291,68,PS,19291,29,57200,PS,28,58796,PS,294,296,181,179,8,38,87,16804,6,37,70,21508,105,<=0.10,<=0.10,<=0.10,0.20 - 0.29,<=0.10,0.20 - 0.29,0.30 - 0.39,<=0.10,104,<=0.10,<=0.10,<=0.10,0.40 - 0.49,<=0.10,0.10 - 0.19,0.30 - 0.39,<=0.10,64,25367,47,21281,48,22769,64,24553,49,28878,35,24,35,30528,PS,PS,22,13138,PS,PS,16,111,23151,44,PS,97,9,41,40318,PS,30,38471,PS,PS,16,29537,24,52963,PS,32,95,<=0.20,<=0.20,0.20 - 0.39,<=0.20,<=0.20,<=0.20,0.20 - 0.39,<=0.20,104,<=0.10,<=0.10,0.10 - 0.19,0.30 - 0.39,<=0.10,<=0.10,0.30 - 0.39,<=0.10,1,9,56,77228,54,36,89806,21,67931,19,80224,37,70679,31,39,50189.5
110662,001315,University of California-Los Angeles,Public,1,2613,"Ecology, Evolution, Systematics, and Population Biology.",3,Bachelor's Degree,50,40,24,PS,17417,24,PS,17417,PS,PS,NA,PS,PS,PS,PS,PS,PS,PS,PS,PS,PS,PS,NA,PS,PS,PS,PS,PS,PS,PS,PS,PS,PS,PS,NA,PS,PS,PS,PS,PS,PS,PS,PS,PS,PS,PS,PS,PS,PS,PS,PS,PS,PS,PS,PS,PS,PS,PS,PS,PS,PS,PS,PS,PS,185,185,2,PS,18,24879,PS,PS,PS,PS,23,PS,PS,PS,PS,PS,PS,PS,PS,15,PS,PS,PS,PS,PS,PS,PS,PS,PS,PS,PS,PS,PS,PS,PS,PS,PS,PS,PS,PS,PS,PS,PS,PS,PS,PS,PS,PS,0,26,18728,PS,PS,21,1,PS,NA,PS,PS,PS,PS,PS,PS,PS,PS,PS,PS,PS,18,PS,PS,PS,PS,PS,PS,PS,PS,15,PS,PS,PS,PS,PS,PS,PS,PS,1,1,PS,NA,PS,PS,PS,PS,PS,PS,PS,PS,PS,PS,PS,18728
110662,001315,University of California-Los Angeles,Public,1,2615,Neurobiology and Neurosciences.,3,Bachelor's Degree,180,177,130,16807,17149,127,16643,16674,49,54756,40167,48,54693,39565,58,17353,18638,56,17789,18888,26,54782,43233,25,54662,38964,72,16367,15000,71,15738,15000,23,PS,40167,23,PS,40167,78,15964,13625,77,15650,13500,18,36052,PS,17,34773,PS,52,18071,18647,50,18171,18647,31,PS,PS,31,PS,PS,478,470,182,177,13,69,103,29779,3,48,67,33459,100,<=0.20,<=0.20,<=0.20,0.20 - 0.39,<=0.20,0.20 - 0.39,0.20 - 0.39,<=0.20,91,<=0.20,<=0.20,<=0.20,0.20 - 0.39,<=0.20,0.20 - 0.39,0.20 - 0.39,<=0.20,72,30493,39,31594,46,29096,63,35669,52,48332,44,39,35,50727,17,45368,29,43594,23,54190,12,109,30501,60,PS,88,4,55,61875,PS,38,56342,16,62483,25,58974,30,61898,PS,51,111,<=0.10,<=0.10,0.30 - 0.39,0.10 - 0.19,<=0.10,0.10 - 0.19,0.20 - 0.29,<=0.10,91,<=0.20,<=0.20,0.20 - 0.39,<=0.20,<=0.20,<=0.20,0.40 - 0.59,<=0.20,1,5,54,79689,51,37,80098,17,74999,22,81208,32,79064,PS,47,55095
110662,001315,University of California-Los Angeles,Public,1,2701,Mathematics.,3,Bachelor's Degree,145,175,67,PS,14920,67,PS,14920,15,35616,NA,14,36051,PS,48,PS,13960,48,PS,13960,PS,PS,NA,PS,PS,PS,19,PS,18000,19,PS,15000,PS,PS,NA,PS,PS,PS,41,PS,14920,41,PS,14920,PS,PS,PS,PS,PS,PS,26,PS,14000,26,PS,14000,PS,PS,PS,PS,PS,PS,PS,PS,158,158,8,51,60,50739,8,63,82,53775,64,<=0.20,<=0.20,<=0.20,<=0.20,<=0.20,0.20 - 0.39,0.20 - 0.39,<=0.20,78,<=0.20,<=0.20,<=0.20,<=0.20,<=0.20,0.20 - 0.39,0.20 - 0.39,<=0.20,28,26026,PS,PS,PS,PS,PS,PS,90,55053,72,57,74,53668,17,54648,50,49714,41,59942,12,45,38449,27,PS,41,10,89,77892,PS,70,72863,19,93015,46,80358,43,75650,17,76,67,<=0.20,<=0.20,0.20 - 0.39,<=0.20,<=0.20,<=0.20,0.20 - 0.39,<=0.20,78,<=0.20,<=0.20,0.20 - 0.39,<=0.20,<=0.20,0.20 - 0.39,0.20 - 0.39,<=0.20,1,10,88,91295,77,PS,PS,PS,PS,49,80805,39,93194,18,73,64872
110662,001315,University of California-Los Angeles,Public,1,2703,Applied Mathematics.,3,Bachelor's Degree,345,356,139,15419,14400,135,15108,14400,35,52850,43547,34,51004,41374,80,14599,13793,79,14251,14000,22,61176,NA,21,61626,PS,59,16531,15000,56,16318,15000,13,PS,NA,13,PS,PS,79,14628,13586,78,14284,13543,PS,PS,PS,PS,PS,PS,60,16460,15000,57,16236,15000,PS,PS,PS,PS,PS,PS,518,492,153,153,16,100,128,51707,6,68,77,49527,83,<=0.20,<=0.20,<=0.20,<=0.20,<=0.20,0.40 - 0.59,0.20 - 0.39,<=0.20,73,<=0.20,<=0.20,<=0.20,<=0.20,<=0.20,0.40 - 0.59,0.20 - 0.39,<=0.20,79,50679,51,81917,71,58685,59,66425,82,64956,76,70,64,59670,18,93085,50,64873,33,66983,14,130,61188,104,PS,102,7,80,81414,PS,62,79590,18,107335,46,90179,34,76946,PS,70,101,<=0.10,<=0.10,0.40 - 0.49,<=0.10,<=0.10,0.10 - 0.19,0.20 - 0.29,<=0.10,73,<=0.20,<=0.20,0.20 - 0.39,<=0.20,<=0.20,0.20 - 0.39,0.20 - 0.39,<=0.20,1,7,84,95647,78,64,94700,19,113643,47,93307,36,97390,PS,69,78417.5
110662,001315,University of California-Los Angeles,Public,1,2705,Statistics.,3,Bachelor's Degree,239,189,81,PS,17005,81,PS,15811,20,39232,23460,19,40444,24370,43,PS,18000,43,PS,17005,PS,PS,NA,PS,PS,PS,38,PS,16503,38,PS,15405,PS,PS,NA,PS,PS,PS,56,PS,15000,56,PS,14945,10,PS,PS,PS,PS,PS,25,PS,19500,25,PS,19500,10,39298,PS,PS,PS,PS,279,290,180,168,5,57,67,56134,3,36,41,52524,50,PS,PS,PS,PS,PS,PS,0.40 - 0.59,PS,39,PS,PS,PS,PS,PS,PS,0.40 - 0.59,PS,71,56837,24,67614,51,58466,45,61416,40,64486,35,33,29,59174,PS,PS,20,73880,20,62612,6,96,59718,77,PS,84,5,40,77720,PS,27,67410,PS,PS,18,85326,22,72389,PS,33,76,<=0.20,<=0.20,0.40 - 0.59,<=0.20,<=0.20,<=0.20,0.20 - 0.39,<=0.20,39,PS,PS,PS,PS,PS,PS,0.40 - 0.59,PS,1,3,42,94154,38,PS,PS,PS,PS,20,117399,21,93198,PS,35,76936
110662,001315,University of California-Los Angeles,Public,1,3020,International/Global Studies.,3,Bachelor's Degree,43,42,23,PS,12000,23,PS,12000,PS,PS,NA,PS,PS,PS,PS,PS,PS,PS,PS,PS,PS,PS,NA,PS,PS,PS,PS,PS,PS,PS,PS,PS,PS,PS,NA,PS,PS,PS,PS,PS,PS,PS,PS,PS,PS,PS,PS,PS,PS,PS,PS,PS,PS,PS,PS,PS,PS,PS,PS,PS,PS,PS,PS,PS,127,127,4,17,24,43229,3,20,27,43798,29,PS,PS,PS,PS,PS,0.40 - 0.59,PS,PS,29,PS,PS,PS,PS,PS,0.40 - 0.59,PS,PS,PS,PS,PS,PS,PS,PS,PS,PS,30,53535,27,22,PS,PS,PS,PS,PS,PS,20,66190,3,26,39082,17,PS,23,2,24,59381,PS,17,55738,PS,PS,PS,PS,17,85827,PS,20,20,PS,PS,PS,PS,PS,PS,PS,PS,29,PS,PS,0.20 - 0.39,PS,PS,PS,PS,PS,1,2,25,77658,23,PS,PS,PS,PS,PS,PS,PS,PS,PS,22,58370
110662,001315,University of California-Los Angeles,Public,1,3025,Cognitive Science.,3,Bachelor's Degree,181,212,86,PS,13000,86,PS,13000,16,PS,NA,16,PS,PS,24,PS,14081,24,PS,13250,PS,PS,NA,PS,PS,PS,62,PS,12647,62,PS,12647,PS,PS,NA,PS,PS,PS,50,PS,12175,50,PS,12175,PS,PS,PS,PS,PS,PS,36,PS,13500,36,PS,13500,PS,PS,PS,PS,PS,PS,PS,PS,138,138,4,35,46,43778,1,19,24,42682,31,PS,PS,PS,PS,PS,0.20 - 0.39,PS,PS,29,PS,PS,PS,PS,PS,0.40 - 0.59,PS,PS,52,53044,27,62446,PS,PS,50,53337,22,45502,19,PS,PS,PS,PS,PS,PS,PS,PS,PS,11,79,53962,60,PS,75,2,18,62158,PS,PS,PS,PS,PS,PS,PS,PS,PS,PS,PS,49,PS,PS,0.40 - 0.59,PS,PS,PS,0.20 - 0.39,PS,29,PS,PS,0.20 - 0.39,PS,PS,PS,PS,PS,1,1,20,78267,17,PS,PS,PS,PS,PS,PS,PS,PS,PS,PS,66114.5
110662,001315,University of California-Los Angeles,Public,1,3027,Human Biology.,3,Bachelor's Degree,128,165,89,13999,12500,88,13987,12750,30,39252,26312,29,40076,26449,15,PS,PS,15,PS,PS,PS,PS,NA,PS,PS,PS,74,14201,PS,73,14189,PS,PS,PS,NA,PS,PS,PS,53,PS,13000,53,PS,13000,PS,PS,PS,PS,PS,PS,36,14353,12493,35,14448,12500,PS,PS,PS,PS,PS,PS,313,315,133,135,1,PS,PS,PS,4,24,33,32925,41,PS,PS,PS,0.20 - 0.39,PS,0.20 - 0.39,PS,PS,45,PS,PS,PS,0.40 - 0.59,PS,PS,0.20 - 0.39,PS,54,30476,28,39153,PS,PS,PS,PS,25,52476,16,PS,PS,PS,PS,PS,PS,PS,PS,PS,5,80,33628,43,PS,76,6,17,73339,PS,PS,PS,PS,PS,PS,PS,PS,PS,PS,17,65,<=0.20,<=0.20,0.40 - 0.59,<=0.20,<=0.20,<=0.20,0.20 - 0.39,<=0.20,45,PS,PS,PS,0.20 - 0.39,PS,PS,0.20 - 0.39,PS,1,4,21,81505,19,PS,PS,PS,PS,PS,PS,PS,PS,PS,20,57566.5
110662,001315,University of California-Los Angeles,Public,1,3099,"Multi/Interdisciplinary Studies, Other.",3,Bachelor's Degree,234,59,130,15093,15000,126,14825,14775,49,43474,29584,48,42969,31844,19,PS,18750,19,PS,15000,PS,PS,NA,PS,PS,PS,111,14567,14920,107,14702,14545,PS,PS,NA,PS,PS,PS,63,15308,14920,60,14807,13639,14,PS,PS,14,PS,PS,67,14891,15000,66,14842,15000,35,55279,PS,34,54914,PS,352,379,159,157,8,137,169,36925,10,124,146,43957,138,<=0.10,<=0.10,<=0.10,<=0.10,0.10 - 0.19,0.50 - 0.59,0.20 - 0.29,<=0.10,134,<=0.10,<=0.10,<=0.10,<=0.10,<=0.10,0.40 - 0.49,0.30 - 0.39,<=0.10,94,42332,69,48547,28,35051,135,48048,150,58896,140,123,93,58278,56,59632,21,58131,128,58781,8,163,46154,113,PS,141,11,147,65593,124,91,67493,55,65887,20,61861,127,66377,PS,126,124,<=0.10,<=0.10,0.40 - 0.49,<=0.10,<=0.10,0.20 - 0.29,0.10 - 0.19,<=0.10,134,<=0.10,<=0.10,0.30 - 0.39,<=0.10,<=0.10,0.20 - 0.29,0.30 - 0.39,<=0.10,1,16,142,85005,127,89,81963,54,92681,20,61384,122,89052,PS,121,65579.5
110662,001315,University of California-Los Angeles,Public,1,3801,Philosophy.,3,Bachelor's Degree,130,160,111,15950,15000,108,15267,15000,23,31875,20933,21,30496,17100,63,PS,15000,63,PS,15000,PS,PS,NA,PS,PS,PS,48,15982,15000,45,15381,15000,PS,PS,NA,PS,PS,PS,78,16325,15000,77,15548,15000,PS,PS,PS,PS,PS,PS,33,15061,15000,31,14570,15000,PS,PS,PS,PS,PS,PS,249,203,159,159,23,PS,PS,PS,20,43,62,29322,106,<=0.10,<=0.10,0.10 - 0.19,0.10 - 0.19,0.10 - 0.19,0.30 - 0.39,0.10 - 0.19,<=0.10,93,<=0.20,<=0.20,<=0.20,<=0.20,<=0.20,0.20 - 0.39,<=0.20,<=0.20,75,30766,19,29854,56,29118,39,35898,PS,PS,PS,PS,PS,PS,PS,PS,PS,PS,PS,PS,17,95,30182,48,PS,88,18,71,43881,47,54,43849,PS,PS,47,43314,22,45635,PS,59,101,<=0.10,<=0.10,0.50 - 0.59,0.10 - 0.19,0.10 - 0.19,0.10 - 0.19,0.10 - 0.19,<=0.10,93,<=0.20,<=0.20,0.40 - 0.59,<=0.20,<=0.20,<=0.20,<=0.20,<=0.20,1,17,76,53585,55,PS,PS,PS,PS,47,49370,29,57781,23,65,41883.5
110662,001315,University of California-Los Angeles,Public,1,4005,Chemistry.,3,Bachelor's Degree,50,48,31,PS,14137,31,PS,11000,PS,PS,NA,PS,PS,PS,15,PS,PS,15,PS,PS,PS,PS,NA,PS,PS,PS,16,PS,PS,16,PS,PS,PS,PS,NA,PS,PS,PS,20,PS,PS,20,PS,PS,PS,PS,PS,PS,PS,PS,11,PS,PS,11,PS,PS,PS,PS,PS,PS,PS,PS,PS,PS,150,117,4,24,35,34503,3,34,40,36455,40,PS,PS,PS,0.20 - 0.39,PS,0.20 - 0.39,PS,PS,48,PS,PS,PS,PS,PS,0.20 - 0.39,0.20 - 0.39,PS,PS,PS,PS,PS,PS,PS,PS,PS,44,47024,37,31,38,44888,PS,PS,25,47036,PS,PS,3,28,42358,18,PS,26,4,41,59720,PS,36,59012,PS,PS,22,49512,19,65818,PS,38,27,PS,PS,0.40 - 0.59,PS,PS,PS,PS,PS,48,PS,PS,0.20 - 0.39,PS,PS,PS,0.40 - 0.59,PS,1,4,46,69376,43,PS,PS,PS,PS,24,65293,22,83651,PS,40,55867
110662,001315,University of California-Los Angeles,Public,1,4008,Physics.,3,Bachelor's Degree,66,81,39,PS,21100,39,PS,21000,11,39586,NA,PS,PS,PS,PS,PS,PS,PS,PS,PS,PS,PS,NA,PS,PS,PS,PS,PS,PS,PS,PS,PS,PS,PS,NA,PS,PS,PS,21,PS,PS,21,PS,PS,PS,PS,PS,PS,PS,PS,18,PS,PS,18,PS,PS,PS,PS,PS,PS,PS,PS,PS,PS,224,223,4,33,40,42865,3,29,37,33993,49,PS,PS,0.20 - 0.39,PS,PS,0.20 - 0.39,PS,PS,39,PS,PS,PS,PS,PS,0.40 - 0.59,PS,PS,PS,PS,PS,PS,PS,PS,PS,PS,41,50208,35,31,29,54634,PS,PS,34,56222,PS,PS,8,28,60495,19,PS,21,1,40,73644,PS,29,76851,PS,PS,32,72621,PS,PS,PS,28,37,PS,PS,0.40 - 0.59,PS,PS,PS,PS,PS,39,PS,PS,0.20 - 0.39,0.20 - 0.39,PS,PS,PS,PS,1,3,32,80500,26,PS,PS,PS,PS,PS,PS,PS,PS,PS,21,70497.5
110662,001315,University of California-Los Angeles,Public,1,4201,"Psychology, General.",3,Bachelor's Degree,631,641,485,15067,14500,470,14504,14388,132,31997,19941,129,32153,19882,104,16568,15394,100,15518,15000,32,PS,12334,32,PS,11112,381,14657,14000,370,14230,14000,100,34764,21052,97,35263,22105,332,14836,13817,322,13916,13519,59,16217,9096,57,16086,9096,153,15568,15000,148,15784,15000,73,44751,32993,72,44873,33158,237,236,154,153,28,340,462,30127,21,276,367,31563,449,<=0.05,<=0.05,0.05 - 0.09,0.20 - 0.24,0.05 - 0.09,0.35 - 0.39,0.20 - 0.24,<=0.05,420,<=0.05,<=0.05,0.05 - 0.09,0.25 - 0.29,0.05 - 0.09,0.30 - 0.34,0.25 - 0.29,<=0.05,340,29657,112,34354,105,25329,347,31597,342,39489,288,233,264,38810,78,44882,86,39170,257,39441,52,452,30614,230,PS,421,37,326,52754,244,244,51503,80,60552,78,51744,248,53241,75,282,456,<=0.05,<=0.05,0.40 - 0.44,0.10 - 0.14,0.05 - 0.09,0.15 - 0.19,0.15 - 0.19,<=0.05,421,<=0.05,<=0.05,0.25 - 0.29,0.20 - 0.24,<=0.05,0.10 - 0.14,0.30 - 0.34,<=0.05,1,33,341,65954,285,260,63851,81,70250,80,66040,262,65921,120,296,48284
110662,001315,University of California-Los Angeles,Public,1,4227,Research and Experimental Psychology.,3,Bachelor's Degree,400,442,326,PS,16737,326,PS,16570,95,PS,30846,95,PS,30846,116,PS,16061,116,PS,15886,23,PS,41475,23,PS,41475,210,PS,16965,210,PS,16882,72,PS,27673,72,PS,27673,185,PS,15500,185,PS,15500,35,PS,11555,35,PS,11555,141,PS,18500,141,PS,18500,60,PS,44120,60,PS,44120,367,367,177,176,13,136,219,24474,13,92,140,24921,274,<=0.05,<=0.05,0.05 - 0.09,0.40 - 0.44,0.05 - 0.09,0.20 - 0.24,0.20 - 0.24,<=0.05,260,<=0.05,<=0.05,0.05 - 0.09,0.35 - 0.39,0.05 - 0.09,0.15 - 0.19,0.25 - 0.29,<=0.05,154,27710,81,27787,83,26386,151,28607,123,32769,98,74,80,29337,43,40639,32,39260,91,29869,23,235,27748,110,PS,206,19,111,57559,78,74,57036,35,59069,25,55816,86,57364,22,99,289,<=0.05,<=0.05,0.40 - 0.44,0.15 - 0.19,<=0.05,0.15 - 0.19,0.20 - 0.24,<=0.05,260,<=0.05,<=0.05,0.20 - 0.24,0.30 - 0.34,<=0.05,0.10 - 0.14,0.30 - 0.34,<=0.05,1,15,145,78384,129,97,76718,47,89331,33,72483,112,80739,66,114,53066
110662,001315,University of California-Los Angeles,Public,1,4502,Anthropology.,3,Bachelor's Degree,257,251,231,16436,15000,227,15465,14579,60,41898,20656,52,44112,25338,55,PS,13500,55,PS,13500,13,31348,NA,11,33730,PS,176,16792,15068,172,15800,14783,47,44816,NA,41,46898,PS,172,15859,13776,169,14583,13150,26,13842,10202,19,9597,8000,59,18118,17535,58,18033,16131,34,63352,50579,33,63985,47725,246,301,159,155,19,150,215,31197,21,164,231,30520,282,<=0.05,<=0.05,0.15 - 0.19,0.20 - 0.24,0.10 - 0.14,0.35 - 0.39,0.05 - 0.09,<=0.05,297,<=0.05,<=0.05,0.10 - 0.14,0.20 - 0.24,0.15 - 0.19,0.30 - 0.34,0.10 - 0.14,<=0.05,152,31879,44,32996,PS,PS,147,32526,222,39310,190,152,175,40029,47,31872,66,40807,157,36298,31,197,32300,103,PS,178,28,210,46401,135,167,46120,44,46789,68,48136,142,45330,23,176,215,<=0.05,<=0.05,0.50 - 0.54,0.10 - 0.14,0.05 - 0.09,0.15 - 0.19,0.10 - 0.14,<=0.05,297,<=0.05,<=0.05,0.35 - 0.39,0.20 - 0.24,<=0.05,0.15 - 0.19,0.15 - 0.19,<=0.05,1,32,224,55070,173,179,54689,45,60947,73,61615,152,52962,42,188,43685
110662,001315,University of California-Los Angeles,Public,1,4506,Economics.,3,Bachelor's Degree,833,805,402,15819,15000,399,15710,15000,111,47872,31530,110,48139,31600,201,15407,14900,200,15461,14910,53,PS,38483,53,PS,38483,201,16230,16999,199,15961,16361,58,44462,27109,57,44917,26835,228,15907,15000,227,15670,15000,46,33969,13386,45,34364,13182,174,15703,15000,172,15764,15000,65,PS,46783,65,PS,46783,375,376,159,159,32,345,399,52741,24,285,324,51899,342,<=0.05,<=0.05,0.10 - 0.14,0.05 - 0.09,<=0.05,0.40 - 0.44,0.30 - 0.34,<=0.05,343,<=0.05,<=0.05,0.05 - 0.09,0.05 - 0.09,<=0.05,0.40 - 0.44,0.35 - 0.39,<=0.05,280,58434,148,68920,207,66083,220,59461,352,66989,324,297,250,60932,103,75521,169,68960,184,66234,39,428,62091,349,PS,384,23,332,81475,294,236,76144,97,92989,161,89186,172,77025,PS,297,327,<=0.05,<=0.05,0.45 - 0.49,<=0.05,<=0.05,0.25 - 0.29,0.20 - 0.24,<=0.05,343,<=0.05,<=0.05,0.25 - 0.29,<=0.05,<=0.05,0.15 - 0.19,0.45 - 0.49,<=0.05,1,22,338,100784,319,237,93887,101,107318,166,104590,172,92332,26,296,81437.5
110662,001315,University of California-Los Angeles,Public,1,4507,Geography and Cartography.,3,Bachelor's Degree,156,145,112,15031,13969,110,14513,13296,27,30574,18687,26,30750,19243,52,13832,12750,50,13496,12750,16,21391,NA,15,21084,PS,60,PS,15073,60,PS,15000,11,PS,NA,11,PS,PS,77,14667,14439,76,14193,13250,10,14891,PS,PS,PS,PS,35,15833,13092,34,15227,13854,17,PS,PS,PS,PS,PS,222,229,148,141,5,90,129,36662,12,90,116,37208,132,<=0.10,<=0.10,0.10 - 0.19,0.10 - 0.19,0.10 - 0.19,0.30 - 0.39,0.20 - 0.29,<=0.10,132,<=0.10,<=0.10,<=0.10,0.10 - 0.19,0.10 - 0.19,0.30 - 0.39,0.20 - 0.29,<=0.10,77,38366,29,30608,45,37197,61,35506,116,42175,103,86,87,42731,30,47044,58,44064,57,42688,14,106,36776,61,PS,88,9,110,60363,81,82,59151,27,66952,58,61327,52,56274,PS,94,108,<=0.10,<=0.10,0.40 - 0.49,0.10 - 0.19,<=0.10,0.20 - 0.29,0.10 - 0.19,<=0.10,132,<=0.10,<=0.10,0.30 - 0.39,0.10 - 0.19,<=0.10,0.20 - 0.29,0.20 - 0.29,<=0.10,1,15,114,68424,96,87,69515,26,65443,55,68227,59,69161,17,94,52600
110662,001315,University of California-Los Angeles,Public,1,4510,Political Science and Government.,3,Bachelor's Degree,704,699,501,16214,15000,498,15802,15000,162,37241,25770,156,37036,25770,221,17040,15000,219,16428,15000,75,32252,21815,72,32176,22407,280,15561,15000,279,15311,15000,87,41543,29727,84,41203,27907,328,15959,15000,326,15469,15000,70,21065,9750,66,20676,8157,173,16697,15000,172,16434,15000,92,49550,39920,90,49034,38364,306,306,159,159,35,362,485,35138,38,300,382,38232,506,<=0.02,<=0.02,0.11 - 0.12,0.17 - 0.18,0.13 - 0.14,0.37 - 0.38,0.17 - 0.18,<=0.02,443,<=0.05,<=0.05,0.10 - 0.14,0.20 - 0.24,0.10 - 0.14,0.35 - 0.39,0.20 - 0.24,<=0.05,351,34702,141,32744,215,31449,277,34693,367,49421,327,289,264,49518,104,49286,184,47054,183,49869,53,492,34392,272,PS,437,26,373,58937,310,260,57997,114,62976,182,57914,190,60896,63,301,436,<=0.05,<=0.05,0.45 - 0.49,0.10 - 0.14,0.10 - 0.14,0.15 - 0.19,0.10 - 0.14,<=0.05,444,<=0.05,<=0.05,0.35 - 0.39,0.15 - 0.19,<=0.05,0.10 - 0.14,0.20 - 0.24,<=0.05,1,40,407,75578,356,283,74956,124,76707,200,73871,207,75878,119,326,54985
110662,001315,University of California-Los Angeles,Public,1,4511,Sociology.,3,Bachelor's Degree,787,752,635,15631,14500,625,15049,14453,139,32120,18974,134,30612,18385,149,17332,16500,148,16358,15497,30,27592,23016,29,24835,19717,486,15110,13899,477,14643,13642,109,33367,17979,105,32208,17325,477,15718,14150,471,15031,14000,68,17179,5994,65,15954,5878,158,15369,15000,154,15105,15000,71,46430,40228,69,44420,36260,226,219,154,153,35,379,497,32675,25,269,343,34562,516,<=0.02,<=0.02,0.13 - 0.14,0.15 - 0.16,0.13 - 0.14,0.33 - 0.34,0.19 - 0.20,<=0.02,412,<=0.05,<=0.05,0.10 - 0.14,0.15 - 0.19,0.10 - 0.14,0.35 - 0.39,0.20 - 0.24,<=0.05,471,34412,120,31743,151,30776,441,34391,354,44834,298,252,280,43625,74,51775,100,42597,255,44920,75,592,34121,324,PS,559,28,343,54562,275,266,53906,77,63052,99,52821,244,56004,57,295,531,<=0.02,<=0.02,0.49 - 0.50,0.11 - 0.12,0.09 - 0.10,0.15 - 0.16,0.13 - 0.14,<=0.02,412,<=0.05,<=0.05,0.35 - 0.39,0.15 - 0.19,0.05 - 0.09,0.10 - 0.14,0.20 - 0.24,<=0.05,1,34,365,64677,311,291,64160,74,69589,96,59201,270,65962,100,318,49399
110662,001315,University of California-Los Angeles,Public,1,5003,Dance.,3,Bachelor's Degree,29,27,25,PS,19309,25,PS,19309,11,36121,NA,10,38733,PS,PS,PS,PS,PS,PS,PS,PS,PS,NA,PS,PS,PS,PS,PS,PS,PS,PS,PS,PS,PS,NA,PS,PS,PS,15,PS,PS,15,PS,PS,PS,PS,PS,PS,PS,PS,10,PS,PS,10,PS,PS,PS,PS,PS,PS,PS,PS,PS,PS,205,205,0,PS,22,14394,PS,PS,PS,PS,25,PS,PS,PS,PS,PS,PS,PS,PS,17,PS,PS,PS,PS,PS,PS,PS,PS,PS,PS,PS,PS,PS,PS,PS,PS,PS,PS,PS,PS,PS,PS,PS,PS,PS,PS,PS,PS,0,20,19787,PS,PS,18,0,PS,NA,PS,PS,PS,PS,PS,PS,PS,PS,PS,PS,PS,14,PS,PS,PS,PS,PS,PS,PS,PS,17,PS,PS,PS,PS,PS,PS,PS,PS,1,0,PS,NA,PS,PS,PS,PS,PS,PS,PS,PS,PS,PS,PS,19787
110662,001315,University of California-Los Angeles,Public,1,5004,Design and Applied Arts.,3,Bachelor's Degree,45,58,29,PS,20000,29,PS,19000,PS,PS,NA,PS,PS,PS,PS,PS,PS,PS,PS,PS,PS,PS,NA,PS,PS,PS,PS,PS,PS,PS,PS,PS,PS,PS,NA,PS,PS,PS,16,PS,PS,16,PS,PS,PS,PS,PS,PS,PS,PS,13,PS,PS,13,PS,PS,PS,PS,PS,PS,PS,PS,PS,PS,212,201,4,24,32,39481,1,28,33,40017,34,PS,PS,PS,PS,PS,PS,0.20 - 0.39,PS,31,PS,PS,PS,PS,PS,0.40 - 0.59,PS,PS,PS,PS,PS,PS,PS,PS,PS,PS,33,51560,28,24,21,50327,PS,PS,PS,PS,PS,PS,6,33,57615,26,PS,30,4,30,68882,PS,19,82529,PS,PS,PS,PS,16,71656,PS,26,27,PS,PS,0.40 - 0.59,PS,PS,PS,PS,PS,31,PS,PS,PS,PS,PS,PS,0.20 - 0.39,PS,1,3,32,85813,27,PS,PS,PS,PS,PS,PS,PS,PS,PS,27,71714
110662,001315,University of California-Los Angeles,Public,1,5005,Drama/Theatre Arts and Stagecraft.,3,Bachelor's Degree,63,63,75,17321,16970,73,17145,16825,30,56979,52925,29,58358,53036,37,18546,19500,36,18783,19500,12,PS,NA,12,PS,PS,38,16128,15586,37,15551,14920,18,48732,NA,17,50599,PS,34,17360,15586,33,16614,14920,PS,PS,PS,PS,PS,PS,41,17288,19201,40,17583,19350,PS,PS,PS,PS,PS,PS,629,631,180,178,0,44,63,25076,2,40,55,26187,48,PS,PS,PS,PS,0.20 - 0.39,0.40 - 0.59,PS,PS,46,PS,PS,PS,PS,PS,0.40 - 0.59,0.20 - 0.39,PS,37,18376,41,19699,34,20825,44,18701,57,30334,55,39,31,29763,25,30416,17,30481,38,32334,2,78,19673,23,PS,72,PS,PS,NA,PS,PS,PS,PS,PS,PS,PS,PS,PS,PS,PS,64,<=0.20,<=0.20,0.40 - 0.59,<=0.20,<=0.20,<=0.20,<=0.20,<=0.20,46,PS,PS,0.20 - 0.39,PS,PS,PS,0.20 - 0.39,PS,1,5,49,28993,23,29,35013,20,27477,PS,PS,PS,PS,PS,40,24333
110662,001315,University of California-Los Angeles,Public,1,5006,Film/Video and Photographic Arts.,3,Bachelor's Degree,29,26,25,PS,19000,25,PS,16082,12,51039,NA,11,54069,PS,12,PS,PS,12,PS,PS,PS,PS,NA,PS,PS,PS,13,PS,PS,13,PS,PS,PS,PS,NA,PS,PS,PS,13,PS,PS,13,PS,PS,PS,PS,PS,PS,PS,PS,12,PS,PS,12,PS,PS,PS,PS,PS,PS,PS,PS,PS,PS,201,170,4,17,29,25409,1,19,30,33993,27,PS,PS,PS,PS,PS,0.40 - 0.59,PS,PS,26,PS,PS,PS,PS,PS,0.60 - 0.79,PS,PS,PS,PS,PS,PS,PS,PS,PS,PS,33,41260,31,24,22,47208,PS,PS,20,39183,PS,PS,4,26,29696,PS,PS,24,5,28,44860,PS,PS,PS,PS,PS,PS,PS,PS,PS,PS,26,29,PS,PS,0.20 - 0.39,PS,PS,PS,PS,PS,26,PS,PS,0.40 - 0.59,PS,PS,PS,PS,PS,1,5,28,66565,22,PS,PS,PS,PS,PS,PS,PS,PS,PS,27,48130.5
110662,001315,University of California-Los Angeles,Public,1,5007,Fine and Studio Arts.,3,Bachelor's Degree,159,139,101,16396,14000,96,15694,13977,28,43437,29013,24,46080,32528,30,17261,14960,27,16653,15000,PS,PS,NA,PS,PS,PS,71,16030,13955,69,15318,13657,PS,PS,NA,PS,PS,PS,65,PS,14890,65,PS,13657,13,45149,PS,11,48900,PS,36,14681,13553,31,15390,14000,15,41953,PS,13,43693,PS,345,387,148,148,10,62,112,20684,17,78,112,29926,132,<=0.10,<=0.10,0.10 - 0.19,0.10 - 0.19,0.10 - 0.19,0.30 - 0.39,<=0.10,<=0.10,148,<=0.10,<=0.10,0.10 - 0.19,0.10 - 0.19,0.10 - 0.19,0.30 - 0.39,0.10 - 0.19,<=0.10,64,21226,32,22698,22,20915,72,21621,121,34292,101,78,91,33668,30,33662,34,33955,87,33564,18,96,21220,33,PS,85,13,111,42938,70,83,41218,29,47011,32,38957,80,44505,PS,100,87,<=0.20,<=0.20,0.40 - 0.59,<=0.20,<=0.20,<=0.20,<=0.20,<=0.20,148,<=0.10,<=0.10,0.40 - 0.49,0.10 - 0.19,<=0.10,0.10 - 0.19,0.10 - 0.19,<=0.10,1,14,120,46122,83,90,44769,30,51390,32,43862,88,47565,21,102,33671
110662,001315,University of California-Los Angeles,Public,1,5009,Music.,3,Bachelor's Degree,68,76,43,PS,23119,43,PS,20000,18,PS,NA,18,PS,PS,19,PS,23940,19,PS,20000,PS,PS,NA,PS,PS,PS,24,PS,21750,24,PS,20450,PS,PS,NA,PS,PS,PS,18,PS,PS,18,PS,PS,PS,PS,PS,PS,PS,PS,25,PS,PS,25,PS,PS,PS,PS,PS,PS,PS,PS,PS,PS,245,212,7,24,43,19508,3,21,43,18498,62,<=0.20,<=0.20,<=0.20,0.20 - 0.39,<=0.20,0.20 - 0.39,<=0.20,<=0.20,43,PS,PS,PS,PS,PS,0.20 - 0.39,0.20 - 0.39,PS,PS,PS,PS,PS,17,21469,20,23482,44,34548,35,29,30,32831,PS,PS,20,37093,24,32421,8,37,22125,PS,PS,35,4,46,34625,26,28,33415,19,34748,21,38229,24,28979,PS,40,28,PS,PS,0.40 - 0.59,PS,PS,PS,PS,PS,43,PS,PS,0.20 - 0.39,PS,PS,PS,0.20 - 0.39,PS,1,8,39,50858,25,PS,PS,PS,PS,20,58566,19,46795,PS,33,36491.5
110662,001315,University of California-Los Angeles,Public,1,5138,"Registered Nursing, Nursing Administration, Nursing Research and Clinical Nursing.",3,Bachelor's Degree,44,48,49,PS,20800,49,PS,19420,PS,PS,NA,PS,PS,PS,PS,PS,PS,PS,PS,PS,PS,PS,NA,PS,PS,PS,PS,PS,PS,PS,PS,PS,PS,PS,NA,PS,PS,PS,30,PS,19210,30,PS,18811,PS,PS,PS,PS,PS,PS,19,PS,22617,19,PS,22617,PS,PS,PS,PS,PS,PS,PS,PS,221,206,0,69,69,88168,0,68,68,90678,57,<=0.20,<=0.20,<=0.20,<=0.20,<=0.20,0.40 - 0.59,0.20 - 0.39,<=0.20,59,<=0.20,<=0.20,<=0.20,<=0.20,<=0.20,0.20 - 0.39,0.40 - 0.59,<=0.20,37,89420,20,100168,PS,PS,PS,PS,66,100320,65,66,48,101451,18,97764,PS,PS,56,100024,2,57,94611,56,PS,53,2,56,105969,PS,39,107864,16,101816,PS,PS,50,104715,PS,54,50,PS,PS,0.40 - 0.59,PS,PS,PS,0.20 - 0.39,PS,59,<=0.20,<=0.20,<=0.20,<=0.20,<=0.20,<=0.20,0.60 - 0.79,<=0.20,1,2,44,123885,43,PS,PS,PS,PS,PS,PS,PS,PS,PS,39,109248
110662,001315,University of California-Los Angeles,Public,1,5206,Business/Managerial Economics.,3,Bachelor's Degree,32,0,30,15921,17332,28,16304,17332,PS,PS,NA,PS,PS,PS,17,17173,PS,16,17572,PS,PS,PS,NA,PS,PS,PS,13,14284,PS,12,14613,PS,PS,PS,NA,PS,PS,PS,13,15504,PS,11,17129,PS,PS,PS,PS,PS,PS,PS,17,PS,PS,17,PS,PS,PS,PS,PS,PS,PS,PS,PS,PS,184,184,6,94,101,65881,6,62,67,68219,77,<=0.20,<=0.20,<=0.20,<=0.20,<=0.20,0.40 - 0.59,0.40 - 0.59,<=0.20,66,<=0.20,<=0.20,<=0.20,<=0.20,<=0.20,0.20 - 0.39,0.40 - 0.59,<=0.20,PS,PS,PS,PS,17,85777,17,81056,81,81177,72,71,58,79542,23,89342,46,89679,34,78478,0,34,83604,33,PS,31,6,79,92873,PS,55,92649,24,93720,45,120638,35,83644,PS,70,64,<=0.20,<=0.20,0.20 - 0.39,<=0.20,<=0.20,0.20 - 0.39,0.20 - 0.39,<=0.20,66,<=0.20,<=0.20,0.20 - 0.39,<=0.20,<=0.20,<=0.20,0.40 - 0.59,<=0.20,1,9,78,118000,71,54,111465,22,128052,46,137405,32,107879,PS,70,100802
110662,001315,University of California-Los Angeles,Public,1,5401,History.,3,Bachelor's Degree,328,322,258,14582,14277,253,13776,13500,86,28021,19084,77,29176,20127,157,15480,14920,154,14408,14725,50,23843,14670,43,24629,15000,101,13186,12500,99,12793,12500,36,33823,21132,34,34926,22891,166,15223,14729,162,14278,13935,38,18507,8152,30,19378,7036,92,13424,13000,91,12883,13000,48,35552,24192,47,35430,24539,227,239,151,143,20,160,233,25829,28,114,180,25774,249,<=0.05,<=0.05,0.15 - 0.19,0.20 - 0.24,0.10 - 0.14,0.30 - 0.34,0.10 - 0.14,<=0.05,220,<=0.05,<=0.05,0.15 - 0.19,0.20 - 0.24,0.10 - 0.14,0.30 - 0.34,0.15 - 0.19,<=0.05,152,27800,62,29446,129,26751,85,29104,198,38135,154,124,151,36946,47,43210,123,39057,75,38035,46,214,28116,98,PS,185,33,193,47888,137,145,45995,48,57357,108,48406,84,47827,48,163,247,<=0.05,<=0.05,0.45 - 0.49,0.15 - 0.19,0.05 - 0.09,0.15 - 0.19,0.10 - 0.14,<=0.05,220,<=0.05,<=0.05,0.35 - 0.39,0.15 - 0.19,0.05 - 0.09,0.10 - 0.14,0.20 - 0.24,<=0.05,1,31,212,65039,172,156,62674,55,73343,113,62969,99,67384,73,171,46577.5
